geo,time,hpi
Austria,2015-Q1,98.19
Austria,2015-Q2,99.97
Austria,2015-Q3,101.23
Austria,2015-Q4,100.61
Austria,2016-Q1,104.04
Austria,2016-Q2,106.7
Austria,2016-Q3,108.08
Austria,2016-Q4,108.0
Austria,2017-Q1,109.76
Austria,2017-Q2,112.46
Austria,2017-Q3,113.67
Austria,2017-Q4,112.65
Austria,2018-Q1,115.13
Austria,2018-Q2,118.94
Austria,2018-Q3,120.1
Austria,2018-Q4,121.15
Austria,2019-Q1,121.53
Austria,2019-Q2,125.79
Austria,2019-Q3,127.81
Austria,2019-Q4,128.74
Austria,2020-Q1,131.26
Austria,2020-Q2,134.09
Austria,2020-Q3,138.0
Austria,2020-Q4,138.71
Austria,2021-Q1,144.08
Austria,2021-Q2,149.12
Austria,2021-Q3,153.52
Austria,2021-Q4,157.34
Austria,2022-Q1,164.63
Austria,2022-Q2,169.43
Austria,2022-Q3,173.59
Austria,2022-Q4,166.32
Austria,2023-Q1,164.35
Austria,2023-Q2,164.68
Austria,2023-Q3,164.29
Austria,2023-Q4,161.4
Austria,2024-Q1,159.54
Austria,2024-Q2,164.34
Austria,2024-Q3,165.13
Austria,2024-Q4,163.23
Austria,2025-Q1,165.17
Austria,2025-Q2,166.95
Austria,2025-Q3,169.64
Belgium,2015-Q1,97.94
Belgium,2015-Q2,99.13
Belgium,2015-Q3,101.49
Belgium,2015-Q4,101.43
Belgium,2016-Q1,100.37
Belgium,2016-Q2,101.42
Belgium,2016-Q3,103.63
Belgium,2016-Q4,103.9
Belgium,2017-Q1,104.36
Belgium,2017-Q2,104.48
Belgium,2017-Q3,107.81
Belgium,2017-Q4,107.14
Belgium,2018-Q1,107.37
Belgium,2018-Q2,108.51
Belgium,2018-Q3,110.64
Belgium,2018-Q4,110.06
Belgium,2019-Q1,111.0
Belgium,2019-Q2,111.84
Belgium,2019-Q3,115.37
Belgium,2019-Q4,114.72
Belgium,2020-Q1,115.24
Belgium,2020-Q2,116.61
Belgium,2020-Q3,119.05
Belgium,2020-Q4,121.45
Belgium,2021-Q1,122.41
Belgium,2021-Q2,124.78
Belgium,2021-Q3,128.04
Belgium,2021-Q4,128.62
Belgium,2022-Q1,130.02
Belgium,2022-Q2,132.18
Belgium,2022-Q3,134.96
Belgium,2022-Q4,134.55
Belgium,2023-Q1,135.04
Belgium,2023-Q2,134.55
Belgium,2023-Q3,136.31
Belgium,2023-Q4,138.28
Belgium,2024-Q1,139.36
Belgium,2024-Q2,138.96
Belgium,2024-Q3,141.16
Belgium,2024-Q4,142.18
Belgium,2025-Q1,143.08
Belgium,2025-Q2,142.94
Belgium,2025-Q3,146.39
Bulgaria,2015-Q1,98.85
Bulgaria,2015-Q2,99.71
Bulgaria,2015-Q3,99.21
Bulgaria,2015-Q4,102.23
Bulgaria,2016-Q1,103.38
Bulgaria,2016-Q2,106.24
Bulgaria,2016-Q3,107.94
Bulgaria,2016-Q4,110.52
Bulgaria,2017-Q1,112.66
Bulgaria,2017-Q2,115.37
Bulgaria,2017-Q3,117.62
Bulgaria,2017-Q4,119.53
Bulgaria,2018-Q1,120.65
Bulgaria,2018-Q2,124.03
Bulgaria,2018-Q3,124.99
Bulgaria,2018-Q4,126.15
Bulgaria,2019-Q1,129.45
Bulgaria,2019-Q2,130.26
Bulgaria,2019-Q3,131.97
Bulgaria,2019-Q4,133.99
Bulgaria,2020-Q1,135.54
Bulgaria,2020-Q2,134.07
Bulgaria,2020-Q3,138.81
Bulgaria,2020-Q4,141.23
Bulgaria,2021-Q1,145.72
Bulgaria,2021-Q2,146.23
Bulgaria,2021-Q3,150.9
Bulgaria,2021-Q4,154.48
Bulgaria,2022-Q1,162.52
Bulgaria,2022-Q2,167.58
Bulgaria,2022-Q3,174.43
Bulgaria,2022-Q4,175.14
Bulgaria,2023-Q1,177.93
Bulgaria,2023-Q2,185.5
Bulgaria,2023-Q3,190.48
Bulgaria,2023-Q4,192.78
Bulgaria,2024-Q1,206.42
Bulgaria,2024-Q2,213.53
Bulgaria,2024-Q3,221.91
Bulgaria,2024-Q4,228.0
Bulgaria,2025-Q1,237.55
Bulgaria,2025-Q2,246.65
Bulgaria,2025-Q3,256.01
Cyprus,2015-Q1,97.52
Cyprus,2015-Q2,100.59
Cyprus,2015-Q3,102.49
Cyprus,2015-Q4,99.4
Cyprus,2016-Q1,96.27
Cyprus,2016-Q2,96.59
Cyprus,2016-Q3,101.84
Cyprus,2016-Q4,104.59
Cyprus,2017-Q1,100.02
Cyprus,2017-Q2,106.32
Cyprus,2017-Q3,106.5
Cyprus,2017-Q4,105.08
Cyprus,2018-Q1,102.43
Cyprus,2018-Q2,100.34
Cyprus,2018-Q3,105.05
Cyprus,2018-Q4,104.51
Cyprus,2019-Q1,110.15
Cyprus,2019-Q2,115.86
Cyprus,2019-Q3,110.85
Cyprus,2019-Q4,109.95
Cyprus,2020-Q1,115.55
Cyprus,2020-Q2,118.83
Cyprus,2020-Q3,115.51
Cyprus,2020-Q4,120.06
Cyprus,2021-Q1,110.02
Cyprus,2021-Q2,116.01
Cyprus,2021-Q3,120.59
Cyprus,2021-Q4,116.19
Cyprus,2022-Q1,117.59
Cyprus,2022-Q2,120.21
Cyprus,2022-Q3,130.94
Cyprus,2022-Q4,124.14
Cyprus,2023-Q1,131.69
Cyprus,2023-Q2,132.2
Cyprus,2023-Q3,136.52
Cyprus,2023-Q4,137.98
Cyprus,2024-Q1,143.52
Cyprus,2024-Q2,143.34
Cyprus,2024-Q3,146.76
Cyprus,2024-Q4,144.2
Cyprus,2025-Q1,150.04
Cyprus,2025-Q2,147.24
Cyprus,2025-Q3,146.86
Czechia,2015-Q1,98.3
Czechia,2015-Q2,99.4
Czechia,2015-Q3,100.6
Czechia,2015-Q4,101.7
Czechia,2016-Q1,103.0
Czechia,2016-Q2,105.1
Czechia,2016-Q3,107.7
Czechia,2016-Q4,112.8
Czechia,2017-Q1,116.2
Czechia,2017-Q2,119.1
Czechia,2017-Q3,121.2
Czechia,2017-Q4,122.3
Czechia,2018-Q1,125.0
Czechia,2018-Q2,128.7
Czechia,2018-Q3,131.9
Czechia,2018-Q4,134.4
Czechia,2019-Q1,137.2
Czechia,2019-Q2,140.6
Czechia,2019-Q3,143.4
Czechia,2019-Q4,146.4
Czechia,2020-Q1,149.0
Czechia,2020-Q2,151.5
Czechia,2020-Q3,155.4
Czechia,2020-Q4,159.5
Czechia,2021-Q1,168.9
Czechia,2021-Q2,177.6
Czechia,2021-Q3,189.8
Czechia,2021-Q4,200.6
Czechia,2022-Q1,210.0
Czechia,2022-Q2,217.2
Czechia,2022-Q3,219.4
Czechia,2022-Q4,214.5
Czechia,2023-Q1,211.8
Czechia,2023-Q2,211.0
Czechia,2023-Q3,211.7
Czechia,2023-Q4,212.3
Czechia,2024-Q1,214.3
Czechia,2024-Q2,219.9
Czechia,2024-Q3,224.7
Czechia,2024-Q4,230.2
Czechia,2025-Q1,235.6
Czechia,2025-Q2,243.0
Czechia,2025-Q3,249.0
Germany,2015-Q1,97.8
Germany,2015-Q2,99.9
Germany,2015-Q3,100.4
Germany,2015-Q4,101.8
Germany,2016-Q1,103.9
Germany,2016-Q2,106.9
Germany,2016-Q3,108.8
Germany,2016-Q4,110.4
Germany,2017-Q1,110.9
Germany,2017-Q2,113.1
Germany,2017-Q3,115.0
Germany,2017-Q4,117.3
Germany,2018-Q1,118.3
Germany,2018-Q2,120.6
Germany,2018-Q3,123.1
Germany,2018-Q4,124.6
Germany,2019-Q1,124.6
Germany,2019-Q2,127.8
Germany,2019-Q3,129.6
Germany,2019-Q4,132.7
Germany,2020-Q1,133.8
Germany,2020-Q2,136.2
Germany,2020-Q3,140.3
Germany,2020-Q4,144.3
Germany,2021-Q1,146.3
Germany,2021-Q2,151.8
Germany,2021-Q3,158.2
Germany,2021-Q4,162.5
Germany,2022-Q1,164.1
Germany,2022-Q2,167.4
Germany,2022-Q3,166.3
Germany,2022-Q4,158.5
Germany,2023-Q1,153.7
Germany,2023-Q2,151.6
Germany,2023-Q3,149.3
Germany,2023-Q4,146.4
Germany,2024-Q1,145.8
Germany,2024-Q2,147.8
Germany,2024-Q3,149.0
Germany,2024-Q4,149.2
Germany,2025-Q1,150.9
Germany,2025-Q2,152.4
Germany,2025-Q3,153.9
Denmark,2015-Q1,94.51
Denmark,2015-Q2,100.15
Denmark,2015-Q3,102.58
Denmark,2015-Q4,102.75
Denmark,2016-Q1,99.31
Denmark,2016-Q2,104.23
Denmark,2016-Q3,107.66
Denmark,2016-Q4,107.07
Denmark,2017-Q1,105.3
Denmark,2017-Q2,109.77
Denmark,2017-Q3,112.32
Denmark,2017-Q4,111.61
Denmark,2018-Q1,111.6
Denmark,2018-Q2,115.88
Denmark,2018-Q3,116.13
Denmark,2018-Q4,114.74
Denmark,2019-Q1,114.86
Denmark,2019-Q2,117.45
Denmark,2019-Q3,118.72
Denmark,2019-Q4,117.5
Denmark,2020-Q1,118.28
Denmark,2020-Q2,120.79
Denmark,2020-Q3,123.65
Denmark,2020-Q4,125.98
Denmark,2021-Q1,129.02
Denmark,2021-Q2,136.23
Denmark,2021-Q3,139.81
Denmark,2021-Q4,140.05
Denmark,2022-Q1,141.45
Denmark,2022-Q2,143.96
Denmark,2022-Q3,144.39
Denmark,2022-Q4,140.99
Denmark,2023-Q1,135.13
Denmark,2023-Q2,135.67
Denmark,2023-Q3,138.07
Denmark,2023-Q4,140.26
Denmark,2024-Q1,136.66
Denmark,2024-Q2,140.94
Denmark,2024-Q3,145.27
Denmark,2024-Q4,145.57
Denmark,2025-Q1,148.72
Denmark,2025-Q2,151.4
Denmark,2025-Q3,155.15
Estonia,2015-Q1,98.31
Estonia,2015-Q2,101.6
Estonia,2015-Q3,99.63
Estonia,2015-Q4,100.46
Estonia,2016-Q1,100.32
Estonia,2016-Q2,103.47
Estonia,2016-Q3,106.98
Estonia,2016-Q4,108.21
Estonia,2017-Q1,108.08
Estonia,2017-Q2,108.42
Estonia,2017-Q3,112.06
Estonia,2017-Q4,113.49
Estonia,2018-Q1,115.17
Estonia,2018-Q2,116.43
Estonia,2018-Q3,116.71
Estonia,2018-Q4,119.96
Estonia,2019-Q1,121.99
Estonia,2019-Q2,123.14
Estonia,2019-Q3,126.16
Estonia,2019-Q4,129.79
Estonia,2020-Q1,135.98
Estonia,2020-Q2,128.1
Estonia,2020-Q3,131.08
Estonia,2020-Q4,136.01
Estonia,2021-Q1,144.93
Estonia,2021-Q2,148.69
Estonia,2021-Q3,153.71
Estonia,2021-Q4,163.78
Estonia,2022-Q1,175.37
Estonia,2022-Q2,189.36
Estonia,2022-Q3,190.94
Estonia,2022-Q4,191.38
Estonia,2023-Q1,191.43
Estonia,2023-Q2,198.79
Estonia,2023-Q3,198.26
Estonia,2023-Q4,202.4
Estonia,2024-Q1,206.38
Estonia,2024-Q2,212.1
Estonia,2024-Q3,211.03
Estonia,2024-Q4,209.64
Estonia,2025-Q1,215.9
Estonia,2025-Q2,223.74
Estonia,2025-Q3,221.98
Spain,2015-Q1,96.67
Spain,2015-Q2,100.67
Spain,2015-Q3,101.34
Spain,2015-Q4,101.31
Spain,2016-Q1,102.74
Spain,2016-Q2,104.55
Spain,2016-Q3,105.41
Spain,2016-Q4,105.78
Spain,2017-Q1,108.2
Spain,2017-Q2,110.39
Spain,2017-Q3,112.43
Spain,2017-Q4,113.39
Spain,2018-Q1,114.96
Spain,2018-Q2,117.9
Spain,2018-Q3,120.48
Spain,2018-Q4,120.97
Spain,2019-Q1,122.88
Spain,2019-Q2,124.27
Spain,2019-Q3,126.26
Spain,2019-Q4,125.44
Spain,2020-Q1,126.92
Spain,2020-Q2,126.98
Spain,2020-Q3,128.56
Spain,2020-Q4,127.55
Spain,2021-Q1,128.12
Spain,2021-Q2,131.15
Spain,2021-Q3,133.92
Spain,2021-Q4,135.58
Spain,2022-Q1,139.05
Spain,2022-Q2,141.71
Spain,2022-Q3,144.15
Spain,2022-Q4,142.99
Spain,2023-Q1,143.98
Spain,2023-Q2,146.97
Spain,2023-Q3,150.68
Spain,2023-Q4,149.13
Spain,2024-Q1,153.18
Spain,2024-Q2,158.63
Spain,2024-Q3,163.12
Spain,2024-Q4,166.07
Spain,2025-Q1,172.0
Spain,2025-Q2,178.89
Spain,2025-Q3,184.06
Finland,2015-Q1,99.49
Finland,2015-Q2,100.43
Finland,2015-Q3,100.28
Finland,2015-Q4,99.8
Finland,2016-Q1,100.52
Finland,2016-Q2,101.61
Finland,2016-Q3,101.93
Finland,2016-Q4,101.08
Finland,2017-Q1,101.7
Finland,2017-Q2,103.22
Finland,2017-Q3,102.51
Finland,2017-Q4,102.12
Finland,2018-Q1,102.74
Finland,2018-Q2,103.96
Finland,2018-Q3,103.49
Finland,2018-Q4,103.15
Finland,2019-Q1,103.09
Finland,2019-Q2,104.68
Finland,2019-Q3,104.02
Finland,2019-Q4,103.29
Finland,2020-Q1,104.28
Finland,2020-Q2,105.36
Finland,2020-Q3,105.79
Finland,2020-Q4,106.95
Finland,2021-Q1,108.58
Finland,2021-Q2,111.19
Finland,2021-Q3,110.93
Finland,2021-Q4,111.12
Finland,2022-Q1,111.85
Finland,2022-Q2,113.46
Finland,2022-Q3,112.24
Finland,2022-Q4,108.51
Finland,2023-Q1,105.75
Finland,2023-Q2,106.58
Finland,2023-Q3,103.51
Finland,2023-Q4,102.48
Finland,2024-Q1,101.5
Finland,2024-Q2,101.85
Finland,2024-Q3,101.45
Finland,2024-Q4,100.59
Finland,2025-Q1,99.56
Finland,2025-Q2,100.5
Finland,2025-Q3,98.28
France,2015-Q1,99.38
France,2015-Q2,99.55
France,2015-Q3,100.92
France,2015-Q4,100.15
France,2016-Q1,99.73
France,2016-Q2,100.24
France,2016-Q3,102.36
France,2016-Q4,101.84
France,2017-Q1,102.53
France,2017-Q2,103.53
France,2017-Q3,105.65
France,2017-Q4,105.24
France,2018-Q1,105.51
France,2018-Q2,106.42
France,2018-Q3,108.65
France,2018-Q4,108.58
France,2019-Q1,108.55
France,2019-Q2,109.85
France,2019-Q3,112.33
France,2019-Q4,112.69
France,2020-Q1,113.87
France,2020-Q2,115.52
France,2020-Q3,117.8
France,2020-Q4,119.27
France,2021-Q1,120.15
France,2021-Q2,122.12
France,2021-Q3,126.11
France,2021-Q4,127.52
France,2022-Q1,128.6
France,2022-Q2,130.83
France,2022-Q3,134.34
France,2022-Q4,133.5
France,2023-Q1,132.32
France,2023-Q2,131.72
France,2023-Q3,132.25
France,2023-Q4,128.73
France,2024-Q1,125.96
France,2024-Q2,125.68
France,2024-Q3,127.64
France,2024-Q4,126.28
France,2025-Q1,126.54
France,2025-Q2,126.54
France,2025-Q3,128.54
Croatia,2015-Q1,101.05
Croatia,2015-Q2,99.13
Croatia,2015-Q3,99.86
Croatia,2015-Q4,99.96
Croatia,2016-Q1,101.21
Croatia,2016-Q2,100.28
Croatia,2016-Q3,101.31
Croatia,2016-Q4,100.75
Croatia,2017-Q1,100.85
Croatia,2017-Q2,104.55
Croatia,2017-Q3,105.13
Croatia,2017-Q4,108.45
Croatia,2018-Q1,109.44
Croatia,2018-Q2,109.26
Croatia,2018-Q3,112.32
Croatia,2018-Q4,113.54
Croatia,2019-Q1,117.55
Croatia,2019-Q2,120.6
Croatia,2019-Q3,121.36
Croatia,2019-Q4,124.9
Croatia,2020-Q1,128.25
Croatia,2020-Q2,130.57
Croatia,2020-Q3,129.75
Croatia,2020-Q4,132.95
Croatia,2021-Q1,134.19
Croatia,2021-Q2,139.03
Croatia,2021-Q3,141.44
Croatia,2021-Q4,144.99
Croatia,2022-Q1,152.25
Croatia,2022-Q2,157.94
Croatia,2022-Q3,162.44
Croatia,2022-Q4,170.11
Croatia,2023-Q1,173.56
Croatia,2023-Q2,179.63
Croatia,2023-Q3,180.09
Croatia,2023-Q4,186.24
Croatia,2024-Q1,189.41
Croatia,2024-Q2,197.53
Croatia,2024-Q3,202.19
Croatia,2024-Q4,205.01
Croatia,2025-Q1,214.18
Croatia,2025-Q2,223.65
Croatia,2025-Q3,230.07
Hungary,2015-Q1,93.6
Hungary,2015-Q2,98.69
Hungary,2015-Q3,103.06
Hungary,2015-Q4,104.65
Hungary,2016-Q1,109.39
Hungary,2016-Q2,111.97
Hungary,2016-Q3,115.2
Hungary,2016-Q4,116.95
Hungary,2017-Q1,122.24
Hungary,2017-Q2,125.48
Hungary,2017-Q3,129.28
Hungary,2017-Q4,131.96
Hungary,2018-Q1,138.65
Hungary,2018-Q2,142.52
Hungary,2018-Q3,148.49
Hungary,2018-Q4,152.32
Hungary,2019-Q1,165.03
Hungary,2019-Q2,170.54
Hungary,2019-Q3,173.22
Hungary,2019-Q4,171.88
Hungary,2020-Q1,178.74
Hungary,2020-Q2,174.9
Hungary,2020-Q3,181.59
Hungary,2020-Q4,179.08
Hungary,2021-Q1,195.95
Hungary,2021-Q2,204.4
Hungary,2021-Q3,211.94
Hungary,2021-Q4,219.86
Hungary,2022-Q1,241.42
Hungary,2022-Q2,255.23
Hungary,2022-Q3,262.98
Hungary,2022-Q4,258.43
Hungary,2023-Q1,268.81
Hungary,2023-Q2,271.54
Hungary,2023-Q3,272.63
Hungary,2023-Q4,277.19
Hungary,2024-Q1,300.99
Hungary,2024-Q2,306.51
Hungary,2024-Q3,309.83
Hungary,2024-Q4,322.11
Hungary,2025-Q1,352.26
Hungary,2025-Q2,363.76
Hungary,2025-Q3,375.19
Ireland,2015-Q1,96.43
Ireland,2015-Q2,98.6
Ireland,2015-Q3,101.73
Ireland,2015-Q4,103.25
Ireland,2016-Q1,103.67
Ireland,2016-Q2,104.79
Ireland,2016-Q3,109.33
Ireland,2016-Q4,112.06
Ireland,2017-Q1,113.36
Ireland,2017-Q2,115.86
Ireland,2017-Q3,122.18
Ireland,2017-Q4,125.15
Ireland,2018-Q1,127.34
Ireland,2018-Q2,130.44
Ireland,2018-Q3,133.31
Ireland,2018-Q4,134.23
Ireland,2019-Q1,132.98
Ireland,2019-Q2,133.7
Ireland,2019-Q3,135.63
Ireland,2019-Q4,135.32
Ireland,2020-Q1,134.3
Ireland,2020-Q2,134.15
Ireland,2020-Q3,134.55
Ireland,2020-Q4,136.28
Ireland,2021-Q1,138.34
Ireland,2021-Q2,141.65
Ireland,2021-Q3,148.81
Ireland,2021-Q4,155.1
Ireland,2022-Q1,159.07
Ireland,2022-Q2,161.89
Ireland,2022-Q3,166.47
Ireland,2022-Q4,168.41
Ireland,2023-Q1,167.16
Ireland,2023-Q2,166.3
Ireland,2023-Q3,168.79
Ireland,2023-Q4,173.69
Ireland,2024-Q1,177.7
Ireland,2024-Q2,180.34
Ireland,2024-Q3,185.5
Ireland,2024-Q4,189.97
Ireland,2025-Q1,191.83
Ireland,2025-Q2,194.34
Ireland,2025-Q3,199.46
Italy,2015-Q1,99.7
Italy,2015-Q2,99.8
Italy,2015-Q3,100.7
Italy,2015-Q4,99.8
Italy,2016-Q1,99.8
Italy,2016-Q2,100.5
Italy,2016-Q3,100.7
Italy,2016-Q4,100.0
Italy,2017-Q1,99.1
Italy,2017-Q2,99.6
Italy,2017-Q3,99.2
Italy,2017-Q4,98.8
Italy,2018-Q1,98.6
Italy,2018-Q2,99.2
Italy,2018-Q3,98.4
Italy,2018-Q4,98.3
Italy,2019-Q1,97.7
Italy,2019-Q2,99.1
Italy,2019-Q3,98.8
Italy,2019-Q4,98.5
Italy,2020-Q1,99.4
Italy,2020-Q2,102.4
Italy,2020-Q3,99.8
Italy,2020-Q4,100.0
Italy,2021-Q1,101.1
Italy,2021-Q2,102.8
Italy,2021-Q3,103.9
Italy,2021-Q4,104.0
Italy,2022-Q1,105.7
Italy,2022-Q2,108.1
Italy,2022-Q3,106.9
Italy,2022-Q4,106.8
Italy,2023-Q1,106.8
Italy,2023-Q2,108.8
Italy,2023-Q3,108.7
Italy,2023-Q4,108.7
Italy,2024-Q1,108.5
Italy,2024-Q2,112.0
Italy,2024-Q3,112.8
Italy,2024-Q4,113.5
Italy,2025-Q1,113.3
Italy,2025-Q2,116.4
Italy,2025-Q3,117.1
Lithuania,2015-Q1,97.49
Lithuania,2015-Q2,100.49
Lithuania,2015-Q3,102.07
Lithuania,2015-Q4,99.95
Lithuania,2016-Q1,100.78
Lithuania,2016-Q2,103.91
Lithuania,2016-Q3,107.48
Lithuania,2016-Q4,109.43
Lithuania,2017-Q1,111.07
Lithuania,2017-Q2,114.52
Lithuania,2017-Q3,116.66
Lithuania,2017-Q4,116.94
Lithuania,2018-Q1,119.78
Lithuania,2018-Q2,123.0
Lithuania,2018-Q3,124.35
Lithuania,2018-Q4,125.59
Lithuania,2019-Q1,129.2
Lithuania,2019-Q2,131.11
Lithuania,2019-Q3,132.36
Lithuania,2019-Q4,133.77
Lithuania,2020-Q1,137.26
Lithuania,2020-Q2,140.25
Lithuania,2020-Q3,140.85
Lithuania,2020-Q4,146.35
Lithuania,2021-Q1,153.69
Lithuania,2021-Q2,158.87
Lithuania,2021-Q3,167.44
Lithuania,2021-Q4,175.36
Lithuania,2022-Q1,183.12
Lithuania,2022-Q2,193.91
Lithuania,2022-Q3,199.7
Lithuania,2022-Q4,203.46
Lithuania,2023-Q1,207.18
Lithuania,2023-Q2,212.05
Lithuania,2023-Q3,217.15
Lithuania,2023-Q4,220.4
Lithuania,2024-Q1,227.7
Lithuania,2024-Q2,234.01
Lithuania,2024-Q3,236.4
Lithuania,2024-Q4,241.98
Lithuania,2025-Q1,247.69
Lithuania,2025-Q2,254.53
Lithuania,2025-Q3,262.01
Luxembourg,2015-Q1,97.8
Luxembourg,2015-Q2,99.87
Luxembourg,2015-Q3,101.27
Luxembourg,2015-Q4,101.06
Luxembourg,2016-Q1,102.64
Luxembourg,2016-Q2,105.44
Luxembourg,2016-Q3,107.02
Luxembourg,2016-Q4,108.92
Luxembourg,2017-Q1,109.84
Luxembourg,2017-Q2,112.21
Luxembourg,2017-Q3,112.28
Luxembourg,2017-Q4,113.5
Luxembourg,2018-Q1,116.84
Luxembourg,2018-Q2,117.9
Luxembourg,2018-Q3,120.78
Luxembourg,2018-Q4,123.92
Luxembourg,2019-Q1,125.0
Luxembourg,2019-Q2,131.35
Luxembourg,2019-Q3,134.41
Luxembourg,2019-Q4,137.19
Luxembourg,2020-Q1,142.67
Luxembourg,2020-Q2,148.74
Luxembourg,2020-Q3,152.97
Luxembourg,2020-Q4,160.08
Luxembourg,2021-Q1,167.17
Luxembourg,2021-Q2,168.74
Luxembourg,2021-Q3,173.22
Luxembourg,2021-Q4,179.48
Luxembourg,2022-Q1,184.34
Luxembourg,2022-Q2,188.4
Luxembourg,2022-Q3,192.3
Luxembourg,2022-Q4,189.35
Luxembourg,2023-Q1,181.2
Luxembourg,2023-Q2,177.25
Luxembourg,2023-Q3,165.52
Luxembourg,2023-Q4,161.96
Luxembourg,2024-Q1,160.9
Luxembourg,2024-Q2,162.41
Luxembourg,2024-Q3,162.44
Luxembourg,2024-Q4,164.25
Luxembourg,2025-Q1,162.54
Luxembourg,2025-Q2,169.75
Luxembourg,2025-Q3,164.42
Latvia,2015-Q1,96.63
Latvia,2015-Q2,100.06
Latvia,2015-Q3,100.4
Latvia,2015-Q4,102.91
Latvia,2016-Q1,103.49
Latvia,2016-Q2,109.52
Latvia,2016-Q3,110.04
Latvia,2016-Q4,110.9
Latvia,2017-Q1,113.11
Latvia,2017-Q2,119.53
Latvia,2017-Q3,119.72
Latvia,2017-Q4,119.69
Latvia,2018-Q1,126.02
Latvia,2018-Q2,129.91
Latvia,2018-Q3,128.34
Latvia,2018-Q4,132.93
Latvia,2019-Q1,134.04
Latvia,2019-Q2,140.19
Latvia,2019-Q3,144.58
Latvia,2019-Q4,144.69
Latvia,2020-Q1,145.77
Latvia,2020-Q2,142.3
Latvia,2020-Q3,147.08
Latvia,2020-Q4,147.92
Latvia,2021-Q1,149.97
Latvia,2021-Q2,159.51
Latvia,2021-Q3,165.31
Latvia,2021-Q4,171.79
Latvia,2022-Q1,176.06
Latvia,2022-Q2,185.56
Latvia,2022-Q3,187.79
Latvia,2022-Q4,186.61
Latvia,2023-Q1,186.4
Latvia,2023-Q2,195.54
Latvia,2023-Q3,193.46
Latvia,2023-Q4,188.14
Latvia,2024-Q1,193.14
Latvia,2024-Q2,196.94
Latvia,2024-Q3,203.62
Latvia,2024-Q4,201.9
Latvia,2025-Q1,203.64
Latvia,2025-Q2,209.67
Latvia,2025-Q3,220.67
Malta,2015-Q1,95.3
Malta,2015-Q2,96.07
Malta,2015-Q3,102.72
Malta,2015-Q4,105.92
Malta,2016-Q1,100.29
Malta,2016-Q2,102.78
Malta,2016-Q3,107.62
Malta,2016-Q4,111.12
Malta,2017-Q1,105.61
Malta,2017-Q2,108.88
Malta,2017-Q3,113.02
Malta,2017-Q4,116.59
Malta,2018-Q1,111.25
Malta,2018-Q2,115.49
Malta,2018-Q3,119.27
Malta,2018-Q4,123.77
Malta,2019-Q1,118.53
Malta,2019-Q2,122.76
Malta,2019-Q3,126.44
Malta,2019-Q4,130.86
Malta,2020-Q1,125.06
Malta,2020-Q2,127.57
Malta,2020-Q3,129.81
Malta,2020-Q4,133.01
Malta,2021-Q1,130.82
Malta,2021-Q2,134.42
Malta,2021-Q3,137.52
Malta,2021-Q4,138.99
Malta,2022-Q1,139.69
Malta,2022-Q2,144.63
Malta,2022-Q3,146.23
Malta,2022-Q4,147.24
Malta,2023-Q1,149.89
Malta,2023-Q2,152.24
Malta,2023-Q3,154.51
Malta,2023-Q4,157.05
Malta,2024-Q1,159.98
Malta,2024-Q2,162.74
Malta,2024-Q3,165.26
Malta,2024-Q4,166.96
Malta,2025-Q1,169.36
Malta,2025-Q2,171.84
Malta,2025-Q3,174.63
Netherlands,2015-Q1,98.29
Netherlands,2015-Q2,99.2
Netherlands,2015-Q3,101.02
Netherlands,2015-Q4,101.5
Netherlands,2016-Q1,102.52
Netherlands,2016-Q2,104.03
Netherlands,2016-Q3,106.58
Netherlands,2016-Q4,108.03
Netherlands,2017-Q1,110.2
Netherlands,2017-Q2,112.06
Netherlands,2017-Q3,115.22
Netherlands,2017-Q4,117.74
Netherlands,2018-Q1,120.32
Netherlands,2018-Q2,122.64
Netherlands,2018-Q3,126.45
Netherlands,2018-Q4,128.2
Netherlands,2019-Q1,130.34
Netherlands,2019-Q2,132.15
Netherlands,2019-Q3,134.49
Netherlands,2019-Q4,136.54
Netherlands,2020-Q1,139.3
Netherlands,2020-Q2,142.6
Netherlands,2020-Q3,146.0
Netherlands,2020-Q4,148.37
Netherlands,2021-Q1,153.72
Netherlands,2021-Q2,160.55
Netherlands,2021-Q3,169.59
Netherlands,2021-Q4,175.9
Netherlands,2022-Q1,182.94
Netherlands,2022-Q2,188.58
Netherlands,2022-Q3,189.95
Netherlands,2022-Q4,185.89
Netherlands,2023-Q1,183.14
Netherlands,2023-Q2,180.92
Netherlands,2023-Q3,182.91
Netherlands,2023-Q4,186.07
Netherlands,2024-Q1,189.87
Netherlands,2024-Q2,194.81
Netherlands,2024-Q3,201.98
Netherlands,2024-Q4,206.31
Netherlands,2025-Q1,210.27
Netherlands,2025-Q2,213.35
Netherlands,2025-Q3,217.61
Poland,2015-Q1,99.06
Poland,2015-Q2,100.43
Poland,2015-Q3,100.63
Poland,2015-Q4,99.88
Poland,2016-Q1,100.0
Poland,2016-Q2,100.84
Poland,2016-Q3,102.73
Poland,2016-Q4,103.86
Poland,2017-Q1,103.33
Poland,2017-Q2,105.44
Poland,2017-Q3,106.5
Poland,2017-Q4,107.86
Poland,2018-Q1,109.48
Poland,2018-Q2,111.95
Poland,2018-Q3,113.43
Poland,2018-Q4,116.11
Poland,2019-Q1,118.34
Poland,2019-Q2,121.1
Poland,2019-Q3,123.59
Poland,2019-Q4,127.06
Poland,2020-Q1,131.66
Poland,2020-Q2,134.31
Poland,2020-Q3,137.06
Poland,2020-Q4,138.42
Poland,2021-Q1,141.16
Poland,2021-Q2,145.5
Poland,2021-Q3,149.28
Poland,2021-Q4,155.15
Poland,2022-Q1,160.3
Poland,2022-Q2,163.5
Poland,2022-Q3,167.38
Poland,2022-Q4,169.64
Poland,2023-Q1,169.52
Poland,2023-Q2,175.0
Poland,2023-Q3,182.88
Poland,2023-Q4,191.72
Poland,2024-Q1,200.04
Poland,2024-Q2,205.92
Poland,2024-Q3,209.2
Poland,2024-Q4,211.65
Poland,2025-Q1,213.2
Poland,2025-Q2,215.66
Poland,2025-Q3,217.54
Portugal,2015-Q1,96.94
Portugal,2015-Q2,100.57
Portugal,2015-Q3,100.65
Portugal,2015-Q4,101.84
Portugal,2016-Q1,103.67
Portugal,2016-Q2,106.91
Portugal,2016-Q3,108.31
Portugal,2016-Q4,109.57
Portugal,2017-Q1,111.89
Portugal,2017-Q2,115.51
Portugal,2017-Q3,119.6
Portugal,2017-Q4,121.06
Portugal,2018-Q1,125.58
Portugal,2018-Q2,128.49
Portugal,2018-Q3,129.72
Portugal,2018-Q4,132.34
Portugal,2019-Q1,137.14
Portugal,2019-Q2,140.65
Portugal,2019-Q3,143.67
Portugal,2019-Q4,146.07
Portugal,2020-Q1,151.67
Portugal,2020-Q2,154.34
Portugal,2020-Q3,153.61
Portugal,2020-Q4,157.69
Portugal,2021-Q1,161.7
Portugal,2021-Q2,166.4
Portugal,2021-Q3,171.3
Portugal,2021-Q4,175.96
Portugal,2022-Q1,182.64
Portugal,2022-Q2,188.31
Portugal,2022-Q3,193.82
Portugal,2022-Q4,195.91
Portugal,2023-Q1,198.55
Portugal,2023-Q2,204.74
Portugal,2023-Q3,208.48
Portugal,2023-Q4,211.27
Portugal,2024-Q1,212.45
Portugal,2024-Q2,220.74
Portugal,2024-Q3,228.89
Portugal,2024-Q4,235.68
Portugal,2025-Q1,247.05
Portugal,2025-Q2,258.78
Portugal,2025-Q3,269.35
Romania,2015-Q1,101.01
Romania,2015-Q2,99.76
Romania,2015-Q3,98.87
Romania,2015-Q4,100.36
Romania,2016-Q1,103.65
Romania,2016-Q2,106.59
Romania,2016-Q3,105.86
Romania,2016-Q4,107.7
Romania,2017-Q1,108.96
Romania,2017-Q2,114.27
Romania,2017-Q3,112.44
Romania,2017-Q4,113.75
Romania,2018-Q1,116.1
Romania,2018-Q2,119.66
Romania,2018-Q3,118.88
Romania,2018-Q4,119.83
Romania,2019-Q1,119.91
Romania,2019-Q2,121.79
Romania,2019-Q3,123.57
Romania,2019-Q4,125.49
Romania,2020-Q1,129.62
Romania,2020-Q2,129.77
Romania,2020-Q3,126.38
Romania,2020-Q4,127.97
Romania,2021-Q1,131.45
Romania,2021-Q2,133.61
Romania,2021-Q3,133.78
Romania,2021-Q4,137.51
Romania,2022-Q1,139.82
Romania,2022-Q2,144.94
Romania,2022-Q3,143.2
Romania,2022-Q4,146.83
Romania,2023-Q1,146.28
Romania,2023-Q2,145.14
Romania,2023-Q3,150.02
Romania,2023-Q4,152.28
Romania,2024-Q1,154.26
Romania,2024-Q2,155.06
Romania,2024-Q3,155.86
Romania,2024-Q4,158.36
Romania,2025-Q1,161.75
Romania,2025-Q2,162.38
Romania,2025-Q3,166.14
Sweden,2015-Q1,95.21
Sweden,2015-Q2,98.37
Sweden,2015-Q3,102.12
Sweden,2015-Q4,104.3
Sweden,2016-Q1,105.66
Sweden,2016-Q2,106.9
Sweden,2016-Q3,109.35
Sweden,2016-Q4,111.06
Sweden,2017-Q1,114.02
Sweden,2017-Q2,115.97
Sweden,2017-Q3,117.59
Sweden,2017-Q4,114.13
Sweden,2018-Q1,113.24
Sweden,2018-Q2,114.04
Sweden,2018-Q3,115.16
Sweden,2018-Q4,114.96
Sweden,2019-Q1,114.97
Sweden,2019-Q2,116.51
Sweden,2019-Q3,118.54
Sweden,2019-Q4,118.73
Sweden,2020-Q1,120.2
Sweden,2020-Q2,120.3
Sweden,2020-Q3,122.95
Sweden,2020-Q4,124.99
Sweden,2021-Q1,128.9
Sweden,2021-Q2,133.44
Sweden,2021-Q3,136.89
Sweden,2021-Q4,138.62
Sweden,2022-Q1,142.19
Sweden,2022-Q2,142.86
Sweden,2022-Q3,138.46
Sweden,2022-Q4,133.49
Sweden,2023-Q1,132.37
Sweden,2023-Q2,133.15
Sweden,2023-Q3,132.61
Sweden,2023-Q4,129.59
Sweden,2024-Q1,130.3
Sweden,2024-Q2,132.13
Sweden,2024-Q3,133.0
Sweden,2024-Q4,132.64
Sweden,2025-Q1,132.73
Sweden,2025-Q2,133.01
Sweden,2025-Q3,133.67
Slovenia,2015-Q1,100.11
Slovenia,2015-Q2,102.38
Slovenia,2015-Q3,98.77
Slovenia,2015-Q4,98.74
Slovenia,2016-Q1,100.94
Slovenia,2016-Q2,102.84
Slovenia,2016-Q3,103.69
Slovenia,2016-Q4,105.54
Slovenia,2017-Q1,107.68
Slovenia,2017-Q2,111.33
Slovenia,2017-Q3,112.17
Slovenia,2017-Q4,115.96
Slovenia,2018-Q1,118.04
Slovenia,2018-Q2,119.93
Slovenia,2018-Q3,122.67
Slovenia,2018-Q4,125.55
Slovenia,2019-Q1,126.98
Slovenia,2019-Q2,128.83
Slovenia,2019-Q3,131.33
Slovenia,2019-Q4,131.62
Slovenia,2020-Q1,132.99
Slovenia,2020-Q2,135.56
Slovenia,2020-Q3,135.65
Slovenia,2020-Q4,138.43
Slovenia,2021-Q1,142.65
Slovenia,2021-Q2,149.21
Slovenia,2021-Q3,153.15
Slovenia,2021-Q4,160.26
Slovenia,2022-Q1,166.93
Slovenia,2022-Q2,172.43
Slovenia,2022-Q3,176.4
Slovenia,2022-Q4,178.83
Slovenia,2023-Q1,181.96
Slovenia,2023-Q2,185.39
Slovenia,2023-Q3,186.33
Slovenia,2023-Q4,191.19
Slovenia,2024-Q1,195.44
Slovenia,2024-Q2,198.33
Slovenia,2024-Q3,201.54
Slovenia,2024-Q4,205.71
Slovenia,2025-Q1,201.66
Slovenia,2025-Q2,209.31
Slovenia,2025-Q3,207.03
Slovakia,2015-Q1,98.26
Slovakia,2015-Q2,100.16
Slovakia,2015-Q3,100.23
Slovakia,2015-Q4,101.34
Slovakia,2016-Q1,103.15
Slovakia,2016-Q2,106.06
Slovakia,2016-Q3,107.73
Slovakia,2016-Q4,109.72
Slovakia,2017-Q1,106.88
Slovakia,2017-Q2,113.01
Slovakia,2017-Q3,115.6
Slovakia,2017-Q4,116.16
Slovakia,2018-Q1,119.56
Slovakia,2018-Q2,120.98
Slovakia,2018-Q3,120.68
Slovakia,2018-Q4,124.06
Slovakia,2019-Q1,126.39
Slovakia,2019-Q2,131.03
Slovakia,2019-Q3,134.6
Slovakia,2019-Q4,137.58
Slovakia,2020-Q1,142.98
Slovakia,2020-Q2,143.75
Slovakia,2020-Q3,145.89
Slovakia,2020-Q4,147.47
Slovakia,2021-Q1,145.74
Slovakia,2021-Q2,150.53
Slovakia,2021-Q3,157.59
Slovakia,2021-Q4,163.21
Slovakia,2022-Q1,166.42
Slovakia,2022-Q2,175.57
Slovakia,2022-Q3,180.57
Slovakia,2022-Q4,179.07
Slovakia,2023-Q1,178.82
Slovakia,2023-Q2,171.75
Slovakia,2023-Q3,173.2
Slovakia,2023-Q4,176.56
Slovakia,2024-Q1,173.51
Slovakia,2024-Q2,178.7
Slovakia,2024-Q3,183.88
Slovakia,2024-Q4,190.58
Slovakia,2025-Q1,194.6
Slovakia,2025-Q2,198.85
Slovakia,2025-Q3,208.52
